Workbook

Sheet Записи
A1: Дата | B1: Расход, ₽ | C1: Доход, ₽ | D1: Примечание (на что) | E1: Дата для итогов
E2: =IF(A2<>"",A2,"")
E3: =IF(A3<>"",A3,IF(B3&C3="","",E2))
E4: =IF(A4<>"",A4,IF(B4&C4="","",E3))
E5: =IF(A5<>"",A5,IF(B5&C5="","",E4))
E6: =IF(A6<>"",A6,IF(B6&C6="","",E5))
E7: =IF(A7<>"",A7,IF(B7&C7="","",E6))
E8: =IF(A8<>"",A8,IF(B8&C8="","",E7))
E9: =IF(A9<>"",A9,IF(B9&C9="","",E8))
E10: =IF(A10<>"",A10,IF(B10&C10="","",E9))
E11: =IF(A11<>"",A11,IF(B11&C11="","",E10))
E12: =IF(A12<>"",A12,IF(B12&C12="","",E11))
E13: =IF(A13<>"",A13,IF(B13&C13="","",E12))
E14: =IF(A14<>"",A14,IF(B14&C14="","",E13))
... E1001: =IF(A1001<>"",A1001,IF(B1001&C1001="","",E1000))

Sheet Итоги
A1: Итоги по месяцам
A2: Год | B2: 2026 | C2: ← можно поменять год
A4: Месяц | B4: Расходы | C4: Доходы | D4: Остаток
A5: Январь | B5: =SUMIFS('Записи'!$B$2:$B$1001,'Записи'!$E$2:$E$1001,">="&DATE($B$2,1,1),'Записи'!$E$2:$E$1001,"<"&DATE($B$2,1+1,1)) | C5: =SUMIFS('Записи'!$C$2:$C$1001,'Записи'!$E$2:$E$1001,">="&DATE($B$2,1,1),'Записи'!$E$2:$E$1001,"<"&DATE($B$2,1+1,1)) | D5: =C5-B5
A6: Февраль | B6: =SUMIFS('Записи'!$B$2:$B$1001,'Записи'!$E$2:$E$1001,">="&DATE($B$2,2,1),'Записи'!$E$2:$E$1001,"<"&DATE($B$2,2+1,1)) | C6: =SUMIFS('Записи'!$C$2:$C$1001,'Записи'!$E$2:$E$1001,">="&DATE($B$2,2,1),'Записи'!$E$2:$E$1001,"<"&DATE($B$2,2+1,1)) | D6: =C6-B6
A7: Март | B7: =SUMIFS('Записи'!$B$2:$B$1001,'Записи'!$E$2:$E$1001,">="&DATE($B$2,3,1),'Записи'!$E$2:$E$1001,"<"&DATE($B$2,3+1,1)) | C7: =SUMIFS('Записи'!$C$2:$C$1001,'Записи'!$E$2:$E$1001,">="&DATE($B$2,3,1),'Записи'!$E$2:$E$1001,"<"&DATE($B$2,3+1,1)) | D7: =C7-B7
A8: Апрель | B8: =SUMIFS('Записи'!$B$2:$B$1001,'Записи'!$E$2:$E$1001,">="&DATE($B$2,4,1),'Записи'!$E$2:$E$1001,"<"&DATE($B$2,4+1,1)) | C8: =SUMIFS('Записи'!$C$2:$C$1001,'Записи'!$E$2:$E$1001,">="&DATE($B$2,4,1),'Записи'!$E$2:$E$1001,"<"&DATE($B$2,4+1,1)) | D8: =C8-B8
A9: Май | B9: =SUMIFS('Записи'!$B$2:$B$1001,'Записи'!$E$2:$E$1001,">="&DATE($B$2,5,1),'Записи'!$E$2:$E$1001,"<"&DATE($B$2,5+1,1)) | C9: =SUMIFS('Записи'!$C$2:$C$1001,'Записи'!$E$2:$E$1001,">="&DATE($B$2,5,1),'Записи'!$E$2:$E$1001,"<"&DATE($B$2,5+1,1)) | D9: =C9-B9
A10: Июнь | B10: =SUMIFS('Записи'!$B$2:$B$1001,'Записи'!$E$2:$E$1001,">="&DATE($B$2,6,1),'Записи'!$E$2:$E$1001,"<"&DATE($B$2,6+1,1)) | C10: =SUMIFS('Записи'!$C$2:$C$1001,'Записи'!$E$2:$E$1001,">="&DATE($B$2,6,1),'Записи'!$E$2:$E$1001,"<"&DATE($B$2,6+1,1)) | D10: =C10-B10
A11: Июль | B11: =SUMIFS('Записи'!$B$2:$B$1001,'Записи'!$E$2:$E$1001,">="&DATE($B$2,7,1),'Записи'!$E$2:$E$1001,"<"&DATE($B$2,7+1,1)) | C11: =SUMIFS('Записи'!$C$2:$C$1001,'Записи'!$E$2:$E$1001,">="&DATE($B$2,7,1),'Записи'!$E$2:$E$1001,"<"&DATE($B$2,7+1,1)) | D11: =C11-B11
A12: Август | B12: =SUMIFS('Записи'!$B$2:$B$1001,'Записи'!$E$2:$E$1001,">="&DATE($B$2,8,1),'Записи'!$E$2:$E$1001,"<"&DATE($B$2,8+1,1)) | C12: =SUMIFS('Записи'!$C$2:$C$1001,'Записи'!$E$2:$E$1001,">="&DATE($B$2,8,1),'Записи'!$E$2:$E$1001,"<"&DATE($B$2,8+1,1)) | D12: =C12-B12
A13: Сентябрь | B13: =SUMIFS('Записи'!$B$2:$B$1001,'Записи'!$E$2:$E$1001,">="&DATE($B$2,9,1),'Записи'!$E$2:$E$1001,"<"&DATE($B$2,9+1,1)) | C13: =SUMIFS('Записи'!$C$2:$C$1001,'Записи'!$E$2:$E$1001,">="&DATE($B$2,9,1),'Записи'!$E$2:$E$1001,"<"&DATE($B$2,9+1,1)) | D13: =C13-B13
A14: Октябрь | B14: =SUMIFS('Записи'!$B$2:$B$1001,'Записи'!$E$2:$E$1001,">="&DATE($B$2,10,1),'Записи'!$E$2:$E$1001,"<"&DATE($B$2,10+1,1)) | C14: =SUMIFS('Записи'!$C$2:$C$1001,'Записи'!$E$2:$E$1001,">="&DATE($B$2,10,1),'Записи'!$E$2:$E$1001,"<"&DATE($B$2,10+1,1)) | D14: =C14-B14
A15: Ноябрь | B15: =SUMIFS('Записи'!$B$2:$B$1001,'Записи'!$E$2:$E$1001,">="&DATE($B$2,11,1),'Записи'!$E$2:$E$1001,"<"&DATE($B$2,11+1,1)) | C15: =SUMIFS('Записи'!$C$2:$C$1001,'Записи'!$E$2:$E$1001,">="&DATE($B$2,11,1),'Записи'!$E$2:$E$1001,"<"&DATE($B$2,11+1,1)) | D15: =C15-B15
A16: Декабрь | B16: =SUMIFS('Записи'!$B$2:$B$1001,'Записи'!$E$2:$E$1001,">="&DATE($B$2,12,1),'Записи'!$E$2:$E$1001,"<"&DATE($B$2,12+1,1)) | C16: =SUMIFS('Записи'!$C$2:$C$1001,'Записи'!$E$2:$E$1001,">="&DATE($B$2,12,1),'Записи'!$E$2:$E$1001,"<"&DATE($B$2,12+1,1)) | D16: =C16-B16
A17: Всего за год | B17: =SUM(B5:B16) | C17: =SUM(C5:C16) | D17: =C17-B17
A19: Всего записано за всё время
A20: Расходы | B20: =SUM('Записи'!B2:B1001)
A21: Доходы | B21: =SUM('Записи'!C2:C1001)
A23: Таблица считается сама — здесь ничего заполнять не нужно, кроме года.

Sheet Как заполнять
A1: Как заполнять таблицу
A2: 1. Записи вносятся на листе «Записи», в светло-жёлтые клетки. Одна строка — одна трата или один доход.
A3: 2. Дата — например 05.03.2026. Несколько трат в один день: дату можно написать только в первой строке, ниже оставить пустой.
A4: 3. Расход — сколько потратили, Доход — сколько получили. Только число, без «руб.»: 1250 или 1250,50.
A5: 4. Примечание — на что ушли деньги или откуда доход: продукты, аптека, квартплата, проезд, пенсия, зарплата.
A6: По этим словам приложение само подберёт категорию.
A7: 5. Лист «Итоги» считает расходы и доходы по месяцам сам.
A8: 6. Заполнили — отправьте файл, и записи загрузятся в DASEIN → Финансы → Тетрадь финансов.
A9: Можно дописывать дальше и загружать снова: уже загруженные строки не задвоятся.
A11: Пример, как это выглядит:
A12: Дата | B12: Расход, ₽ | C12: Доход, ₽ | D12: Примечание (на что)
A13: 46086 | B13: 1250.5 | D13: продукты в Пятёрочке
B14: 320 | D14: аптека, таблетки
A15: 46087 | C15: 22000 | D15: пенсия
A16: 46091 | B16: 4800 | D16: квартплата за февраль
A17: Во второй строке дата пустая — значит, тот же день, 05.03.2026.
